"","","",""
"20171208_191059.jpeg","https://drive.google.com/open?id=1BedDXUaFtNciwF0UA-lAGs-iwEWdbq1B","1eDU_VS60WD0KCbb8XhNltZClFAmOq24X",""
"29486507491_6f04a878cb_o.jpeg","https://drive.google.com/open?id=1kbr8E01fDwCigR4SNFvwF1OC6uHDiCjC","1f2PlJ-oAVkn6vkCchQgzWSEhqb9-8mEJ",""
"29967557920_299f8b7226_o.jpeg","https://drive.google.com/open?id=19y76oMEJBTZtyWTgquOyvfpeOfI-e34j","1XHSfzNmTpTKQ0j913ss3Z_pGLbGP8AWI",""
"30625513956_d68a0a1e85_o.jpeg","https://drive.google.com/open?id=1sTMPz8GxK1pdV7qeVcECVZziqOo9ozrR","1DblvNCz7Fz61o7d1b5mUEtnvgiUZYCZb",""
"46540978712_24ed18677e_o.jpeg","https://drive.google.com/open?id=1E8b1Td6KrknT_OlMJ8CxI_EyKkvfI4VB","1RrCvY_xrQwMS4vUNWcIgck46JdH31E5S",""
"46540980242_df4aa8a53b_o.jpeg","https://drive.google.com/open?id=1vSFkxenABS4dBSi5pYFsW3HF5bt5xmTx","17_B77PNAMw4OzEHTGCfpL-QTccFA0uLa",""
"IMG_0100-2.jpeg","https://drive.google.com/open?id=18R-fI27MxO_3W_DCrL-f_YLwnl4l6euY","1GuCdwHAwPg3K74PljIQG69qhGVsfrC45",""
"IMG_0638.jpeg","https://drive.google.com/open?id=1zf4Rh_CWprhkHzLGKB0ZmJGqBXqMUbQi","13VxIacdLEDmB3ztkegeIBWmDygwNR18M",""
"IMG_0701.jpeg","","1Pz0kHtdzsMlGJkobSHH6c-uBI3tlMHA8",""
"IMG_0915.jpeg","","16iCnigy9RbXeP-alwy4I7zX3BKgUSrX0",""
"IMG_0928.jpeg","","1ISNgzS-2j2nk-cDoSz0I8-JWk1o0FWvP",""
"IMG_0979.jpeg","","1CcL-4AQv2GnnT7bVPMWqojfgVOkY3Kd6",""
"IMG_1537.jpeg","","1pZkyUmqZcWogOKk9o5GHwYyUpER-pJbH",""
"IMG_1699.jpeg","","1sJEmQUP6QUUSxV9GpV264AtGZYFgANXI",""
"IMG_1704.jpeg","","1jAKbjcka8eO5o3P_POmQ4hJMX7r2Lhgl",""
"img_2973_30091043046_o.jpeg","","1YX8SAn-CxNmw66A4PLzBm-v6ekiygZFL",""
"img_3048_30090936256_o.jpeg","","1Zmh1azdpsCV39iXxieNIe_zpwqpQ5k4e",""
"IMG_4429.jpeg","","184byNTG6R3ezKg0f6zbBDfP2TFOzvXFe",""
"IMG_4448.jpeg","","1CxQsl0pJTHIzIWHnuCPJ0O5KhbwTXY8l",""
"IMG_4785.jpeg","","13x80O9n2UfBKeSmL_5t4HcwhjcdM-yf8",""
"IMG_4892.jpeg","","1SUs-gvJJVq3qdBWm4VIcnW06UzxQjs1A",""
"IMG_5060.jpeg","","1dx1YolsQxQkPdCiyT5uRdmxzORBd3S8V",""
"IMG_5081.jpeg","","1WIlTCPnhfCG7nERYBoYVFGclvc-TxHg2",""
"IMG_5298.jpeg","","1mSneteV_FekthxuQT1x3swqn_Z2YDJ4d",""
"IMG_5695.jpeg","","1LVJ4oTiIgxiir8Jfab-e7aZpWzFAJ65L",""
"IMG_5696.jpeg","","1UwsQyTjFbWuj7Lsj8aFcchTHHsYsuJBY",""
"IMG_5898.jpeg","","1jRaLmgotffHq4BpMkutSyg7vHPc_jaO5",""
"IMG_6638.jpeg","","1Bc0w2x9wRN3Kq5LLxTWV47s3NSKG7HsD",""
"IMG_6772.jpeg","","1MWfgfDNqH3phDZNqTeYKq8QP0f4GTK1f",""
"IMG_6794.jpeg","","1E42WZeMN0o8zBvtadm-LYepnNVkfroOX",""
"img_7333_32157489275_o.jpeg","","1JOpimLveQ-ELms0fFfRBVcRs9Ep4yzcx",""
"IMG_8687.jpeg","","1E42WZeMN0o8zBvtadm-LYepnNVkfroOX",""
"IMG_8893.jpeg","","1ZqOTYGDaFYMmMBqQKms6qsS-xLTSaDZO",""
"IMG_9033.jpeg","","1fscz7IWVRCS7upX1nQfYi4X4otn6OQMG",""
"IMG_9313.jpeg","","1pttbkokdbqOKdgEl6oTDJ8xm7JbB6V0c",""
"","","",""
"","","",""